{"Train/Optimizer/policy0_lr": 0.0001, "_timestamp": 1745963402.2735007, "Train/Loss": 0.016723631285130977, "Train/L2_Loss": 0.016723631285130977, "Train/L1_Loss": 0.007944535259157419, "Train/Cosine_Loss": 0.11248174674808979, "Train/Policy_Grad_Norms": 0.40203694316187466, "Timing_Stats/Train_Data_Loading": 0.003108064333597819, "Timing_Stats/Train_Process_Batch": 0.00034610430399576825, "Timing_Stats/Train_Train_Batch": 0.004407362143198649, "Timing_Stats/Train_Log_Info": 0.00040315786997477214, "Timing_Stats/Train_Epoch": 0.008314196268717449, "System/RAM Usage (MB)": 7880, "_runtime": 1069.6932797431946, "_step": 500, "Rollout/Return/Lift": 0.94, "Rollout/Return/Lift/mean": 0.9199999999999999, "Rollout/Return/Lift/std": 0.0748331477354788, "Rollout/Return/Lift/min": 0.76, "Rollout/Return/Lift/max": 1.0, "Rollout/Horizon/Lift": 70.02, "Rollout/Horizon/Lift/mean": 74.58, "Rollout/Horizon/Lift/std": 26.821227414121076, "Rollout/Horizon/Lift/min": 46.6, "Rollout/Horizon/Lift/max": 131.38, "Rollout/Success_Rate/Lift": 0.94, "Rollout/Success_Rate/Lift/mean": 0.9199999999999999, "Rollout/Success_Rate/Lift/std": 0.0748331477354788, "Rollout/Success_Rate/Lift/min": 0.76, "Rollout/Success_Rate/Lift/max": 1.0, "Rollout/time/Lift": 1.5626526260375977, "Rollout/time/Lift/mean": 1.6220460209846497, "Rollout/time/Lift/std": 0.4080148197301631, "Rollout/time/Lift/min": 1.205831708908081, "Rollout/time/Lift/max": 2.478052268028259, "Timing_Stats/Rollout_Lift_Episode": 1.302210521697998, "_wandb": {"runtime": 1068}}