{"Train/Optimizer/policy0_lr": 0.0001, "_timestamp": 1746115549.7170556, "Train/Loss": 0.020860296292230487, "Train/L2_Loss": 0.020860296292230487, "Train/L1_Loss": 0.010006419331766665, "Train/Cosine_Loss": 0.12043263036757708, "Train/Policy_Grad_Norms": 0.3338257299719771, "Timing_Stats/Train_Data_Loading": 0.0029865145683288575, "Timing_Stats/Train_Process_Batch": 0.00035423835118611653, "Timing_Stats/Train_Train_Batch": 0.004528236389160156, "Timing_Stats/Train_Log_Info": 0.0003899574279785156, "Timing_Stats/Train_Epoch": 0.008299557367960612, "System/RAM Usage (MB)": 5122, "_runtime": 2962.2316756248474, "_step": 500, "Rollout/Return/PickPlaceCan": 0.58, "Rollout/Return/PickPlaceCan/mean": 0.47000000000000003, "Rollout/Return/PickPlaceCan/std": 0.19804039991880446, "Rollout/Return/PickPlaceCan/min": 0.16, "Rollout/Return/PickPlaceCan/max": 0.8, "Rollout/Horizon/PickPlaceCan": 233.46, "Rollout/Horizon/PickPlaceCan/mean": 270.392, "Rollout/Horizon/PickPlaceCan/std": 56.30174292151176, "Rollout/Horizon/PickPlaceCan/min": 182.48, "Rollout/Horizon/PickPlaceCan/max": 354.26, "Rollout/Success_Rate/PickPlaceCan": 0.58, "Rollout/Success_Rate/PickPlaceCan/mean": 0.47000000000000003, "Rollout/Success_Rate/PickPlaceCan/std": 0.19804039991880446, "Rollout/Success_Rate/PickPlaceCan/min": 0.16, "Rollout/Success_Rate/PickPlaceCan/max": 0.8, "Rollout/time/PickPlaceCan": 4.778400774002075, "Rollout/time/PickPlaceCan/mean": 5.410554815292358, "Rollout/time/PickPlaceCan/std": 1.0096262379059817, "Rollout/time/PickPlaceCan/min": 3.771174850463867, "Rollout/time/PickPlaceCan/max": 6.930722479820251, "Timing_Stats/Rollout_PickPlaceCan_Episode": 3.982000645001729, "_wandb": {"runtime": 2961}}