{"Train/Optimizer/policy0_lr": 0.0001, "_timestamp": 1753399677.3628888, "Train/Loss": 0.027248706724494694, "Train/L2_Loss": 0.027248706724494694, "Train/L1_Loss": 0.013152277981862425, "Train/Cosine_Loss": 0.1516213958710432, "Train/Policy_Grad_Norms": 0.2772894922806881, "Timing_Stats/Train_Data_Loading": 0.0029216368993123373, "Timing_Stats/Train_Process_Batch": 0.0002379775047302246, "Timing_Stats/Train_Train_Batch": 0.015624137719472249, "Timing_Stats/Train_Log_Info": 2.5252501169840496e-05, "Timing_Stats/Train_Epoch": 0.018894668420155844, "System/RAM Usage (MB)": 4571, "_runtime": 1036.7145068645477, "_step": 200, "Rollout/Return/low_dim_v15": 0.88, "Rollout/Return/low_dim_v15/mean": 0.48666666666666664, "Rollout/Return/low_dim_v15/std": 0.29769484749021474, "Rollout/Return/low_dim_v15/min": 0.16, "Rollout/Return/low_dim_v15/max": 0.88, "Rollout/Horizon/low_dim_v15": 156.78, "Rollout/Horizon/low_dim_v15/mean": 269.65333333333336, "Rollout/Horizon/low_dim_v15/std": 84.3465871008161, "Rollout/Horizon/low_dim_v15/min": 156.78, "Rollout/Horizon/low_dim_v15/max": 359.5, "Rollout/Success_Rate/low_dim_v15": 0.88, "Rollout/Success_Rate/low_dim_v15/mean": 0.48666666666666664, "Rollout/Success_Rate/low_dim_v15/std": 0.29769484749021474, "Rollout/Success_Rate/low_dim_v15/min": 0.16, "Rollout/Success_Rate/low_dim_v15/max": 0.88, "Rollout/time/low_dim_v15": 3.244997820854187, "Rollout/time/low_dim_v15/mean": 5.3380499919255575, "Rollout/time/low_dim_v15/std": 1.5473350127689345, "Rollout/time/low_dim_v15/min": 3.244997820854187, "Rollout/time/low_dim_v15/max": 6.9374937200546265, "Timing_Stats/Rollout_low_dim_v15_Episode": 2.7041648507118223, "_wandb": {"runtime": 1222}}